id,first_name,last_name,email,gender,ip_address,
1,Tymothy,Mostin,tmostin0@cbc.ca,Male,4.211.53.177
2,Willey,Twaits,wtwaits1@ft.com,Male,152.24.68.152
3,Amble,Skain,askain2@artisteer.com,Male,112.142.85.17
4,Margette,Ducroe,mducroe3@economist.com,Female,127.38.127.170,
5,Sylvan,Winward,swinward4@youtube.com,Male,75.69.74.145,
6,Belicia,Wasling,bwasling5@nba.com,Female,81.172.73.123,
7,Frederic,Darley,fdarley6@vinaora.com,Male,159.219.166.203,
8,Melesa,Imesen,mimesen7@bbb.org,Female,68.147.133.108,
9,Sunny,Ashmore,sashmore8@t.co,Female,163.245.106.99,
10,Gregoor,Westmacott,gwestmacott9@adobe.com,Male,101.84.115.211,
